Skin,Current,Target,Diff,Action
Sticker | 9INE | Paris 2023,1,0,-1,SELL
Sticker | FaZe Clan | Paris 2023,4,0,-4,SELL
Sticker | Vitality | Paris 2023,4,0,-4,SELL
Sticker | isak | Paris 2023,1,0,-1,SELL
Sticker | Bad News Eagles | Paris 2023,1,0,-1,SELL
Sticker | Into The Breach | Paris 2023,2,0,-2,SELL
Sticker | Team Liquid | Paris 2023,2,0,-2,SELL
Sticker | Fnatic | Paris 2023,1,0,-1,SELL
Sticker | FURIA | Paris 2023,1,0,-1,SELL
Sticker | Bad News Eagles (Glitter) | Paris 2023,1,0,-1,SELL
Sticker | BLAST.tv | Paris 2023,1,0,-1,SELL
Sticker | Fluxo | Paris 2023,1,0,-1,SELL
Sticker | Heroic | Paris 2023,4,0,-4,SELL
Sticker | saffee | Paris 2023,4,0,-4,SELL
Sticker | TeSeS (Glitter) | Paris 2023,1,0,-1,SELL
Sticker | REZ | Paris 2023,1,0,-1,SELL
Sticker | Aleksib | Paris 2023,1,0,-1,SELL
Sticker | NEKiZ | Paris 2023,1,0,-1,SELL
Sticker | Natus Vincere | Paris 2023,3,0,-3,SELL
Sticker | jL | Paris 2023,1,0,-1,SELL
Sticker | F1KU | Paris 2023,1,0,-1,SELL
Sticker | MOUZ | Paris 2023,1,0,-1,SELL
Sticker | ENCE (Glitter) | Paris 2023,1,0,-1,SELL
Sticker | The MongolZ | Paris 2023,2,0,-2,SELL
Sticker | Grayhound Gaming | Paris 2023,3,0,-3,SELL
Sticker | Keoz | Paris 2023,2,0,-2,SELL
Sticker | kRaSnaL | Paris 2023,1,0,-1,SELL
Sticker | jL (Glitter) | Paris 2023,1,0,-1,SELL
Sticker | acoR | Paris 2023,2,0,-2,SELL
Sticker | Jerry | Paris 2023,1,0,-1,SELL
Sticker | DemQQ | Paris 2023,1,0,-1,SELL
Sticker | Brollan | Paris 2023,1,0,-1,SELL
Sticker | huNter- | Paris 2023,2,0,-2,SELL
Sticker | sdy | Paris 2023,1,0,-1,SELL
Sticker | biguzera | Paris 2023,1,0,-1,SELL
Sticker | siuhy | Paris 2023,1,0,-1,SELL
Sticker | ENCE | Paris 2023,1,0,-1,SELL
Sticker | Grayhound Gaming (Glitter) | Paris 2023,2,0,-2,SELL
Sticker | Complexity Gaming | Paris 2023,5,0,-5,SELL
Kilowatt Case,6,0,-6,SELL
Recoil Case,9,0,-9,SELL
Gallery Case,1,0,-1,SELL
Prisma Case,7,0,-7,SELL
Dreams & Nightmares Case,9,0,-9,SELL
Revolution Case,12,0,-12,SELL
Fracture Case,16,0,-16,SELL
Shattered Web Case,8,0,-8,SELL
Prisma 2 Case,5,0,-5,SELL
Snakebite Case,2,0,-2,SELL
Danger Zone Case,11,1,-10,SELL
Operation Vanguard Weapon Case,9,1,-8,SELL
Operation Wildfire Case,8,1,-7,SELL
Clutch Case,15,1,-14,SELL
Spectrum 2 Case,4,1,-3,SELL
CS20 Case,8,1,-7,SELL
Horizon Case,0,1,1,BUY
Operation Breakout Weapon Case,0,1,1,BUY
Glove Case,0,1,1,BUY
Operation Hydra Case,0,1,1,BUY
Revolver Case,0,1,1,BUY
CS:GO Weapon Case 3,0,1,1,BUY
eSports 2013 Case,0,1,1,BUY
eSports 2013 Winter Case,0,1,1,BUY
Operation Phoenix Weapon Case,0,1,1,BUY
Chroma Case,0,1,1,BUY
Operation Bravo Case,0,1,1,BUY
eSports 2014 Summer Case,0,1,1,BUY
CS:GO Weapon Case,0,1,1,BUY
Spectrum Case,0,1,1,BUY
Winter Offensive Weapon Case,0,1,1,BUY
CS:GO Weapon Case 2,0,1,1,BUY
★ Karambit | Black Laminate (Field-Tested),0,1,1,BUY
★ Paracord Knife | Slaughter (Field-Tested),0,1,1,BUY
StatTrak™ UMP-45 | Momentum (Field-Tested),0,1,1,BUY
P250 | Asiimov (Field-Tested),0,1,1,BUY
★ Ursus Knife | Damascus Steel (Field-Tested),0,1,1,BUY
★ Specialist Gloves | Fade (Field-Tested),0,1,1,BUY
Nova | Candy Apple (Field-Tested),0,1,1,BUY
Sticker | Bravado Gaming | DreamHack 2014,0,1,1,BUY
Sticker | compLexity Gaming | Katowice 2019,0,1,1,BUY
Sticker | Fnatic | DreamHack 2014,0,1,1,BUY
Souvenir SG 553 | Fallout Warning (Field-Tested),0,1,1,BUY
Sticker | PENTA Sports | Krakow 2017,0,1,1,BUY
Sticker | Virtus.pro | Katowice 2015,0,1,1,BUY
MP7 | Bloodsport (Field-Tested),0,1,1,BUY
StatTrak™ MP7 | Bloodsport (Field-Tested),0,1,1,BUY
Sticker | Gambit | Krakow 2017,0,1,1,BUY
★ Huntsman Knife | Forest DDPAT (Field-Tested),0,1,1,BUY
MP9 | Bulldozer (Field-Tested),0,1,1,BUY
USP-S | Black Lotus (Field-Tested),0,1,1,BUY
StatTrak™ MAG-7 | Justice (Field-Tested),0,1,1,BUY
StatTrak™ P90 | Vent Rush (Field-Tested),0,1,1,BUY
Souvenir Desert Eagle | Fennec Fox (Field-Tested),0,1,1,BUY
M4A4 | Buzz Kill (Field-Tested),0,1,1,BUY
Sticker | PENTA Sports | Katowice 2015,0,1,1,BUY
XM1014 | Fallout Warning (Field-Tested),0,1,1,BUY
★ Skeleton Knife | Blue Steel (Field-Tested),0,1,1,BUY
★ Talon Knife | Night Stripe (Field-Tested),0,1,1,BUY
P2000 | Corticera (Field-Tested),0,1,1,BUY
MP7 | Asterion (Field-Tested),0,1,1,BUY
M4A4 | The Emperor (Field-Tested),0,1,1,BUY
StatTrak™ Galil AR | Rocket Pop (Field-Tested),0,1,1,BUY
SCAR-20 | Bloodsport (Field-Tested),0,1,1,BUY
★ Bayonet | Freehand (Field-Tested),0,1,1,BUY
StatTrak™ MP7 | Impire (Field-Tested),0,1,1,BUY
SG 553 | Pulse (Field-Tested),0,1,1,BUY
Souvenir Five-SeveN | Fall Hazard (Field-Tested),0,1,1,BUY
Glock-18 | Water Elemental (Field-Tested),0,1,1,BUY
R8 Revolver | Crimson Web (Field-Tested),0,1,1,BUY
Sticker | Team EnVyUs | Cologne 2015,0,1,1,BUY
FAMAS | Survivor Z (Field-Tested),0,1,1,BUY
Souvenir FAMAS | Styx (Field-Tested),0,1,1,BUY
Sawed-Off | Kiss♥Love (Field-Tested),0,1,1,BUY
P250 | Mehndi (Field-Tested),0,1,1,BUY
★ Talon Knife | Tiger Tooth (Factory New),0,1,1,BUY
Huntsman Weapon Case,0,1,1,BUY
StatTrak™ Desert Eagle | Printstream (Field-Tested),0,1,1,BUY
StatTrak™ Tec-9 | Decimator (Field-Tested),0,1,1,BUY
Sticker | HellRaisers | DreamHack 2014,0,1,1,BUY
StatTrak™ AWP | BOOM (Field-Tested),0,1,1,BUY
P2000 | Fire Elemental (Field-Tested),0,1,1,BUY
★ M9 Bayonet | Slaughter (Field-Tested),0,1,1,BUY
★ Karambit | Damascus Steel (Field-Tested),0,1,1,BUY
Glock-18 | Twilight Galaxy (Field-Tested),0,1,1,BUY
USP-S | Kill Confirmed (Field-Tested),0,1,1,BUY
AK-47 | Fire Serpent (Field-Tested),0,1,1,BUY
★ Hydra Gloves | Emerald (Field-Tested),0,1,1,BUY
XM1014 | XOXO (Field-Tested),0,1,1,BUY
Souvenir Tec-9 | Groundwater (Field-Tested),0,1,1,BUY
USP-S | Orion (Field-Tested),0,1,1,BUY
Sticker | BIG | Boston 2018,0,1,1,BUY
★ Paracord Knife | Blue Steel (Field-Tested),0,1,1,BUY
StatTrak™ Desert Eagle | Kumicho Dragon (Field-Tested),0,1,1,BUY
StatTrak™ AK-47 | Aquamarine Revenge (Field-Tested),0,1,1,BUY
★ Bowie Knife | Autotronic (Field-Tested),0,1,1,BUY
USP-S | The Traitor (Field-Tested),0,1,1,BUY
Desert Eagle | Conspiracy (Factory New),0,1,1,BUY
R8 Revolver | Blaze (Factory New),0,1,1,BUY
Sticker | Ninjas in Pyjamas | Cologne 2015,0,1,1,BUY
Sticker | Splyce | MLG Columbus 2016,0,1,1,BUY
AK-47 | Case Hardened (Field-Tested),0,1,1,BUY
★ Survival Knife | Slaughter (Field-Tested),0,1,1,BUY
★ Huntsman Knife | Bright Water (Field-Tested),0,1,1,BUY
Sticker | dAT team | Cologne 2014,0,1,1,BUY
StatTrak™ Five-SeveN | Hyper Beast (Field-Tested),0,1,1,BUY
Sticker | Fnatic | Cologne 2014,0,1,1,BUY
PP-Bizon | Antique (Field-Tested),0,1,1,BUY
Sticker | BIG | Katowice 2019,0,1,1,BUY
★ Shadow Daggers | Autotronic (Field-Tested),0,1,1,BUY
★ Shadow Daggers | Damascus Steel (Field-Tested),0,1,1,BUY
★ Karambit | Lore (Field-Tested),0,1,1,BUY
Galil AR | Rocket Pop (Field-Tested),0,1,1,BUY
R8 Revolver | Skull Crusher (Field-Tested),0,1,1,BUY
★ Bayonet | Autotronic (Field-Tested),0,1,1,BUY
StatTrak™ M4A1-S | Guardian (Field-Tested),0,1,1,BUY
AWP | Asiimov (Battle-Scarred),0,1,1,BUY
Sticker | mousesports | Krakow 2017,0,1,1,BUY
StatTrak™ Tec-9 | Fuel Injector (Field-Tested),0,1,1,BUY
★ Falchion Knife | Damascus Steel (Field-Tested),0,1,1,BUY
StatTrak™ AK-47 | Jaguar (Field-Tested),0,1,1,BUY
Sticker | ENCE | Katowice 2019,0,1,1,BUY
AWP | BOOM (Field-Tested),0,1,1,BUY
★ Navaja Knife | Tiger Tooth (Factory New),0,1,1,BUY
P90 | Emerald Dragon (Field-Tested),0,1,1,BUY
P250 | Muertos (Field-Tested),0,1,1,BUY
Sticker | Virtus.Pro | Katowice 2014,0,1,1,BUY
Sticker | Counter Logic Gaming (Foil) | Cologne 2015,0,1,1,BUY
StatTrak™ M4A1-S | Player Two (Field-Tested),0,1,1,BUY
AK-47 | Vulcan (Field-Tested),0,1,1,BUY
StatTrak™ P250 | Cartel (Field-Tested),0,1,1,BUY
★ Gut Knife | Freehand (Field-Tested),0,1,1,BUY
★ Huntsman Knife | Doppler (Factory New),0,1,1,BUY
M4A1-S | Hot Rod (Factory New),0,1,1,BUY
Sticker | Fnatic | Katowice 2015,0,1,1,BUY
Five-SeveN | Case Hardened (Field-Tested),0,1,1,BUY
M4A1-S | Guardian (Field-Tested),0,1,1,BUY
StatTrak™ Negev | Man-o'-war (Field-Tested),0,1,1,BUY
M4A1-S | Bright Water (Field-Tested),0,1,1,BUY
★ Stiletto Knife | Urban Masked (Field-Tested),0,1,1,BUY
AWP | Graphite (Factory New),0,1,1,BUY
Sticker | Flipsid3 Tactics | Cologne 2015,0,1,1,BUY
StatTrak™ FAMAS | Commemoration (Field-Tested),0,1,1,BUY
Sticker | Virtus.Pro | Boston 2018,0,1,1,BUY
SSG 08 | Dragonfire (Field-Tested),0,1,1,BUY
StatTrak™ P90 | Elite Build (Field-Tested),0,1,1,BUY
MAC-10 | Amber Fade (Field-Tested),0,1,1,BUY
StatTrak™ AWP | Fever Dream (Field-Tested),0,1,1,BUY
Desert Eagle | Kumicho Dragon (Field-Tested),0,1,1,BUY
Galil AR | Cerberus (Field-Tested),0,1,1,BUY
MAC-10 | Disco Tech (Field-Tested),0,1,1,BUY
AWP | Redline (Field-Tested),0,1,1,BUY
Sticker | mousesports | Katowice 2014,0,1,1,BUY
Sticker | Cloud9 G2A | Cologne 2015,0,1,1,BUY
M4A1-S | Golden Coil (Field-Tested),0,1,1,BUY
★ Butterfly Knife | Bright Water (Field-Tested),0,1,1,BUY
P90 | Elite Build (Field-Tested),0,1,1,BUY
R8 Revolver | Fade (Field-Tested),0,1,1,BUY
StatTrak™ Glock-18 | Moonrise (Field-Tested),0,1,1,BUY
Sticker | 3DMAX | Katowice 2014,0,1,1,BUY
★ Ursus Knife | Tiger Tooth (Factory New),0,1,1,BUY
M4A4 | Asiimov (Battle-Scarred),0,1,1,BUY
SG 553 | Bulldozer (Factory New),0,1,1,BUY
StatTrak™ M4A4 | In Living Color (Field-Tested),0,1,1,BUY
Tec-9 | Decimator (Field-Tested),0,1,1,BUY
Souvenir Galil AR | Cerberus (Field-Tested),0,1,1,BUY
★ Bowie Knife | Black Laminate (Field-Tested),0,1,1,BUY
Sticker | Cloud9 | Katowice 2019,0,1,1,BUY
★ Driver Gloves | Black Tie (Field-Tested),0,1,1,BUY
★ Survival Knife | Blue Steel (Field-Tested),0,1,1,BUY
★ Falchion Knife | Autotronic (Field-Tested),0,1,1,BUY
P250 | Franklin (Field-Tested),0,1,1,BUY
StatTrak™ AK-47 | Wasteland Rebel (Field-Tested),0,1,1,BUY
AK-47 | Redline (Field-Tested),0,1,1,BUY
Sticker | Ninjas in Pyjamas | DreamHack 2014,0,1,1,BUY
SG 553 | Colony IV (Field-Tested),0,1,1,BUY
★ Specialist Gloves | Field Agent (Field-Tested),0,1,1,BUY
Sawed-Off | The Kraken (Field-Tested),0,1,1,BUY
Tec-9 | Remote Control (Field-Tested),0,1,1,BUY
Sticker | Ninjas in Pyjamas | Cologne 2014,0,1,1,BUY
SCAR-20 | Cyrex (Field-Tested),0,1,1,BUY
StatTrak™ FAMAS | Mecha Industries (Field-Tested),0,1,1,BUY
Sticker | FaZe Clan | MLG Columbus 2016,0,1,1,BUY
Sticker | Fnatic | Cologne 2015,0,1,1,BUY
Sticker | Copenhagen Wolves | Cologne 2014,0,1,1,BUY
★ Sport Gloves | Scarlet Shamagh (Field-Tested),0,1,1,BUY
AK-47 | Ice Coaled (Field-Tested),0,1,1,BUY
Souvenir Glock-18 | Reactor (Field-Tested),0,1,1,BUY
StatTrak™ Nova | Hyper Beast (Field-Tested),0,1,1,BUY
StatTrak™ M4A1-S | Decimator (Field-Tested),0,1,1,BUY
★ Stiletto Knife | Blue Steel (Field-Tested),0,1,1,BUY
StatTrak™ M4A4 | 龍王 (Dragon King) (Field-Tested),0,1,1,BUY
Sticker | Natus Vincere | MLG Columbus 2016,0,1,1,BUY
Sticker | iBUYPOWER | Cologne 2014,0,1,1,BUY
★ Broken Fang Gloves | Yellow-banded (Field-Tested),0,1,1,BUY
M4A4 | Royal Paladin (Field-Tested),0,1,1,BUY
★ Skeleton Knife | Scorched (Field-Tested),0,1,1,BUY
M4A4 | Hellfire (Field-Tested),0,1,1,BUY
★ Bowie Knife | Lore (Field-Tested),0,1,1,BUY
★ Butterfly Knife | Freehand (Field-Tested),0,1,1,BUY
Sticker | FaZe Clan | Katowice 2019,0,1,1,BUY
Sticker | Flipsid3 Tactics | Katowice 2015,0,1,1,BUY
Desert Eagle | Blaze (Factory New),0,1,1,BUY
★ Shadow Daggers | Slaughter (Field-Tested),0,1,1,BUY
SG 553 | Cyrex (Field-Tested),0,1,1,BUY
★ Hand Wraps | Overprint (Field-Tested),0,1,1,BUY
★ Navaja Knife | Blue Steel (Field-Tested),0,1,1,BUY
★ Navaja Knife | Damascus Steel (Field-Tested),0,1,1,BUY
Tec-9 | Fuel Injector (Field-Tested),0,1,1,BUY
P90 | Sunset Lily (Field-Tested),0,1,1,BUY
Sticker | Counter Logic Gaming | Katowice 2015,0,1,1,BUY
Sticker | Team Dignitas | DreamHack 2014,0,1,1,BUY
P2000 | Scorpion (Factory New),0,1,1,BUY
Desert Eagle | Crimson Web (Field-Tested),0,1,1,BUY
StatTrak™ MP9 | Food Chain (Field-Tested),0,1,1,BUY
Sawed-Off | Origami (Field-Tested),0,1,1,BUY
FAMAS | Mecha Industries (Field-Tested),0,1,1,BUY
P250 | Inferno (Field-Tested),0,1,1,BUY
PP-Bizon | Chemical Green (Field-Tested),0,1,1,BUY
Sticker | Cloud9 | DreamHack 2014,0,1,1,BUY
Sticker | Natus Vincere | Katowice 2015,0,1,1,BUY
SCAR-20 | Crimson Web (Field-Tested),0,1,1,BUY
StatTrak™ SCAR-20 | Cyrex (Field-Tested),0,1,1,BUY
StatTrak™ P250 | Nevermore (Field-Tested),0,1,1,BUY
★ Driver Gloves | Racing Green (Field-Tested),0,1,1,BUY
Sticker | HellRaisers | Katowice 2014,0,1,1,BUY
StatTrak™ AK-47 | Bloodsport (Field-Tested),0,1,1,BUY
M4A1-S | Player Two (Field-Tested),0,1,1,BUY
★ Moto Gloves | Cool Mint (Field-Tested),0,1,1,BUY
StatTrak™ Glock-18 | Bullet Queen (Field-Tested),0,1,1,BUY
SG 553 | Tornado (Field-Tested),0,1,1,BUY
Sticker | Ninjas in Pyjamas | MLG Columbus 2016,0,1,1,BUY
StatTrak™ M4A4 | Asiimov (Field-Tested),0,1,1,BUY
Sticker | Clan-Mystik | Katowice 2014,0,1,1,BUY
Sticker | Cloud9 | Cologne 2014,0,1,1,BUY
Sticker | Tyloo | Boston 2018,0,1,1,BUY
★ M9 Bayonet | Lore (Field-Tested),0,1,1,BUY
Sticker | Natus Vincere | Cologne 2014,0,1,1,BUY
Sticker | Epsilon eSports | Cologne 2014,0,1,1,BUY
★ Bayonet | Damascus Steel (Field-Tested),0,1,1,BUY
Sticker | 3DMAX | Katowice 2015,0,1,1,BUY
Sticker | Fnatic | Katowice 2014,0,1,1,BUY
Nova | Hyper Beast (Field-Tested),0,1,1,BUY
★ Falchion Knife | Freehand (Field-Tested),0,1,1,BUY
★ Gut Knife | Autotronic (Field-Tested),0,1,1,BUY
★ Huntsman Knife | Autotronic (Field-Tested),0,1,1,BUY
★ M9 Bayonet | Black Laminate (Field-Tested),0,1,1,BUY
★ Butterfly Knife | Autotronic (Field-Tested),0,1,1,BUY
StatTrak™ AK-47 | Legion of Anubis (Field-Tested),0,1,1,BUY
M4A4 | Evil Daimyo (Field-Tested),0,1,1,BUY
★ Sport Gloves | Omega (Field-Tested),0,1,1,BUY
FAMAS | Commemoration (Field-Tested),0,1,1,BUY
Souvenir Glock-18 | Candy Apple (Field-Tested),0,1,1,BUY
★ Flip Knife | Marble Fade (Minimal Wear),0,1,1,BUY
M4A1-S | Cyrex (Field-Tested),0,1,1,BUY
SSG 08 | Big Iron (Field-Tested),0,1,1,BUY
★ Ursus Knife | Blue Steel (Field-Tested),0,1,1,BUY
StatTrak™ Tec-9 | Avalanche (Field-Tested),0,1,1,BUY
StatTrak™ USP-S | Blueprint (Field-Tested),0,1,1,BUY
★ Flip Knife | Bright Water (Field-Tested),0,1,1,BUY
Sticker | Ninjas in Pyjamas | Katowice 2014,0,1,1,BUY
AWP | Wildfire (Field-Tested),0,1,1,BUY
USP-S | Monster Mashup (Field-Tested),0,1,1,BUY
Souvenir M4A4 | Mainframe (Field-Tested),0,1,1,BUY
Souvenir P2000 | Grassland (Field-Tested),0,1,1,BUY
SSG 08 | Turbo Peek (Field-Tested),0,1,1,BUY
StatTrak™ USP-S | The Traitor (Field-Tested),0,1,1,BUY
USP-S | Neo-Noir (Field-Tested),0,1,1,BUY
Sticker | Natus Vincere | Krakow 2017,0,1,1,BUY
★ Bayonet | Marble Fade (Factory New),0,1,1,BUY
★ Specialist Gloves | Crimson Kimono (Field-Tested),0,1,1,BUY
AWP | Lightning Strike (Factory New),0,1,1,BUY
Five-SeveN | Copper Galaxy (Field-Tested),0,1,1,BUY
Souvenir P250 | Gunsmoke (Field-Tested),0,1,1,BUY
StatTrak™ AWP | Redline (Field-Tested),0,1,1,BUY
★ Nomad Knife | Night Stripe (Field-Tested),0,1,1,BUY
Sticker | Astralis | Katowice 2019,0,1,1,BUY
StatTrak™ MP9 | Starlight Protector (Field-Tested),0,1,1,BUY
★ Hand Wraps | Cobalt Skulls (Field-Tested),0,1,1,BUY
StatTrak™ MAG-7 | Heat (Field-Tested),0,1,1,BUY
M4A4 | Desolate Space (Field-Tested),0,1,1,BUY
UMP-45 | Blaze (Factory New),0,1,1,BUY
★ Nomad Knife | Slaughter (Field-Tested),0,1,1,BUY
StatTrak™ MAC-10 | Heat (Field-Tested),0,1,1,BUY
P250 | Cartel (Field-Tested),0,1,1,BUY
★ Talon Knife | Damascus Steel (Field-Tested),0,1,1,BUY
★ Moto Gloves | Smoke Out (Field-Tested),0,1,1,BUY
Sticker | G2 Esports | Krakow 2017,0,1,1,BUY
Sticker | Natus Vincere | DreamHack 2014,0,1,1,BUY
★ Classic Knife | Blue Steel (Field-Tested),0,1,1,BUY
★ Gut Knife | Bright Water (Field-Tested),0,1,1,BUY
Glock-18 | Candy Apple (Factory New),0,1,1,BUY
★ Driver Gloves | King Snake (Field-Tested),0,1,1,BUY
AK-47 | Fuel Injector (Field-Tested),0,1,1,BUY
StatTrak™ Galil AR | Sugar Rush (Field-Tested),0,1,1,BUY
MAC-10 | Neon Rider (Field-Tested),0,1,1,BUY
P2000 | Imperial Dragon (Field-Tested),0,1,1,BUY
Sticker | Flipsid3 Tactics | Krakow 2017,0,1,1,BUY
Sticker | Fnatic | Krakow 2017,0,1,1,BUY
★ Shadow Daggers | Boreal Forest (Field-Tested),0,1,1,BUY
Sticker | Natus Vincere | Katowice 2014,0,1,1,BUY
Souvenir M4A1-S | Master Piece (Field-Tested),0,1,1,BUY
StatTrak™ USP-S | Orion (Field-Tested),0,1,1,BUY
Sticker | HellRaisers | Katowice 2015,0,1,1,BUY
Sticker | Fnatic | Boston 2018,0,1,1,BUY
★ Flip Knife | Black Laminate (Field-Tested),0,1,1,BUY
StatTrak™ AUG | Chameleon (Field-Tested),0,1,1,BUY
★ Nomad Knife | Blue Steel (Field-Tested),0,1,1,BUY
Souvenir AK-47 | Black Laminate (Field-Tested),0,1,1,BUY
Desert Eagle | Mecha Industries (Factory New),0,1,1,BUY
StatTrak™ PP-Bizon | Judgement of Anubis (Field-Tested),0,1,1,BUY
P250 | See Ya Later (Field-Tested),0,1,1,BUY
P90 | Asiimov (Field-Tested),0,1,1,BUY
★ Broken Fang Gloves | Needle Point (Field-Tested),0,1,1,BUY
★ Sport Gloves | Big Game (Field-Tested),0,1,1,BUY
Sticker | Keyd Stars | Katowice 2015,0,1,1,BUY
Souvenir Glock-18 | Night (Field-Tested),0,1,1,BUY
★ Stiletto Knife | Doppler (Factory New),0,1,1,BUY
SSG 08 | Blood in the Water (Field-Tested),0,1,1,BUY
